intercept,alpha_N,beta_criticality,r2
-0.22579135264472666,0.4999999999999999,0.9999999999999999,1.0
