scenario,mu_true,rho_true,beta_true,horizon,reps,mean_n_events,mu_hat_mean,rho_hat_mean,beta_hat_mean,mu_mape,rho_mae,beta_mape,beta_cap_rate,success_rate,residual_ks_mean
0,0.8,0.3,2.0,800.0,12,898.9166666666666,0.8125620102211021,0.2781789791222811,2.0153647230230005,0.06319840599234416,0.042657188616415896,0.20116281032609415,0.0,1.0,0.02058545809841919
1,0.8,0.7,4.0,800.0,12,2154.3333333333335,0.8225341241441927,0.694776554881234,4.022004847356916,0.034776541132936,0.0192792345212201,0.026316274144468133,0.0,1.0,0.013147888324621155
2,0.6,0.9,8.0,500.0,12,3156.25,0.6253733909614136,0.8982232436608637,7.911749074096105,0.08310372796918401,0.01610582105629983,0.03908668721998317,0.0,1.0,0.012082194828427352
