scenario,dim,rho_true,beta_true,horizon,reps,mean_n_events,rho_hat_mean,rho_mae,gamma_relative_frobenius_mean,mu_mape,success_rate,residual_ks_mean,mark_log_loss_gain_mean
0,3,0.35,3.0,500.0,6,1209.8333333333333,0.3414841603254229,0.02537045089998845,0.2339442248644786,0.07675968030328423,1.0,0.020273585398848232,0.015990004385642947
1,3,0.65,3.0,500.0,6,2171.1666666666665,0.6382249930064756,0.02254264265444759,0.1332596283790749,0.11311321823041288,1.0,0.013985775146279958,0.030244453428687312
