policy,baseline,n_pairs,mean_wealth_diff,diff_ci_low,diff_ci_high,paired_t_stat,paired_t_p_value
as_poisson,nominal_hawkes,1600,-0.017224852044234785,-0.025656914623292615,-0.008033844799744705,-3.7227382723797593,0.00020390459624816638
known_true_gamma_no_ambiguity,nominal_hawkes,1600,0.004007198058946019,-0.001655802514446043,0.011011882271094772,1.3300279446189789,0.18369874070758496
liquidity_guard,nominal_hawkes,1600,0.3059828458149258,0.2558163910595588,0.355353074860464,11.837502182450278,4.741260516503442e-31
robust_gamma,nominal_hawkes,1600,0.011711966478365423,0.00466377629711726,0.019921697372729273,3.0625123288939675,0.002231485418134921
robust_gamma_abs,nominal_hawkes,1600,0.3059828458149258,0.2569331072739548,0.3587810931992383,11.837502182450278,4.741260516503442e-31
robust_vol_only,nominal_hawkes,1600,8.406562482901058e-05,7.814123421817376e-05,9.035784356313692e-05,25.73793368707607,1.6282055779696407e-122
