rho,method,n_paths,horizon,mean_count,var_count,fano,rho_fano_estimate
0.3,discrete,80,6.0,8.475,15.64493670886076,1.846010231134013,0.2639912996502187
0.3,ogata,80,6.0,8.0375,16.011234177215186,1.9920664606177527,0.2914865676574473
0.7,discrete,80,6.0,20.175,183.6398734177215,9.102348124794126,0.6685459886583671
0.7,ogata,80,6.0,18.725,147.64493670886077,7.884909837589359,0.6438756790134023
0.9,discrete,80,6.0,86.275,6981.695569620252,80.92373885390033,0.8888365466131443
0.9,ogata,80,6.0,58.4625,2082.226424050633,35.616445140913115,0.8324383166460353
